trial,testing,parameters,initial_deadline,final_deadline,net_reward,actions,success
1,False,"{'a': 0.45, 'e': 1.0}",25,0,-161.14642593055618,"{0: 15, 1: 5, 2: 1, 3: 1, 4: 3}",0
2,False,"{'a': 0.45, 'e': 0.9999000049998333}",20,0,-119.16142120286814,"{0: 11, 1: 3, 2: 3, 3: 2, 4: 1}",0
3,False,"{'a': 0.45, 'e': 0.9997000449955004}",20,0,-165.47823293911722,"{0: 11, 1: 2, 2: 3, 3: 1, 4: 3}",0
4,False,"{'a': 0.45, 'e': 0.9994001799640054}",20,0,-89.22380102420868,"{0: 15, 1: 1, 2: 2, 3: 0, 4: 2}",0
5,False,"{'a': 0.45, 'e': 0.999000499833375}",20,0,-179.3072794285624,"{0: 7, 1: 3, 2: 7, 3: 1, 4: 2}",0
6,False,"{'a': 0.45, 'e': 0.9985011244377109}",20,0,-60.91496575174576,"{0: 11, 1: 4, 2: 5, 3: 0, 4: 0}",0
7,False,"{'a': 0.45, 'e': 0.9979022034573101}",25,10,-89.24140884194074,"{0: 10, 1: 1, 2: 2, 3: 0, 4: 2}",1
8,False,"{'a': 0.45, 'e': 0.997203916343893}",30,0,-155.9932239503924,"{0: 16, 1: 6, 2: 6, 3: 0, 4: 2}",0
9,False,"{'a': 0.45, 'e': 0.9964064722309934}",25,0,-166.64662030395237,"{0: 15, 1: 2, 2: 5, 3: 0, 4: 3}",0
10,False,"{'a': 0.45, 'e': 0.9955101098295707}",20,0,-149.57668626901787,"{0: 9, 1: 5, 2: 3, 3: 1, 4: 2}",0
11,False,"{'a': 0.45, 'e': 0.9945150973089192}",25,0,-200.52534158520314,"{0: 9, 1: 5, 2: 8, 3: 1, 4: 2}",0
12,False,"{'a': 0.45, 'e': 0.9934217321629573}",20,7,-50.5213963323001,"{0: 9, 1: 2, 2: 1, 3: 0, 4: 1}",1
13,False,"{'a': 0.45, 'e': 0.9922303410619893}",25,0,-52.415587344342335,"{0: 19, 1: 3, 2: 2, 3: 0, 4: 1}",0
14,False,"{'a': 0.45, 'e': 0.9909412796900432}",30,0,-197.20939946604483,"{0: 18, 1: 2, 2: 5, 3: 2, 4: 3}",0
15,False,"{'a': 0.45, 'e': 0.9895549325678993}",20,0,-143.46265152474524,"{0: 9, 1: 1, 2: 7, 3: 2, 4: 1}",0
16,False,"{'a': 0.45, 'e': 0.9880717128619306}",25,8,-33.89624914021542,"{0: 11, 1: 1, 2: 5, 3: 0, 4: 0}",1
17,False,"{'a': 0.45, 'e': 0.9864920621788902}",25,0,-230.49369693946815,"{0: 16, 1: 1, 2: 2, 3: 1, 4: 5}",0
18,False,"{'a': 0.45, 'e': 0.9848164503467866}",30,0,-136.46122654094538,"{0: 19, 1: 3, 2: 6, 3: 0, 4: 2}",0
19,False,"{'a': 0.45, 'e': 0.983045375182001}",35,0,-325.17889864916333,"{0: 19, 1: 3, 2: 5, 3: 2, 4: 6}",0
20,False,"{'a': 0.45, 'e': 0.9811793622428062}",35,0,-140.49453736592895,"{0: 26, 1: 2, 2: 3, 3: 2, 4: 2}",0
21,False,"{'a': 0.45, 'e': 0.9792189645694598}",20,0,-78.1828381715014,"{0: 11, 1: 4, 2: 3, 3: 2, 4: 0}",0
22,False,"{'a': 0.45, 'e': 0.9771647624110494}",20,0,-128.54158304557956,"{0: 12, 1: 0, 2: 6, 3: 0, 4: 2}",0
23,False,"{'a': 0.45, 'e': 0.9750173629392818}",30,0,-188.2739667745765,"{0: 20, 1: 3, 2: 3, 3: 0, 4: 4}",0
24,False,"{'a': 0.45, 'e': 0.97277739994941}",25,0,-169.0818065504389,"{0: 12, 1: 7, 2: 1, 3: 3, 4: 2}",0
25,False,"{'a': 0.45, 'e': 0.9704455335485084}",25,0,-139.71614666692437,"{0: 16, 1: 3, 2: 3, 3: 0, 4: 3}",0
26,False,"{'a': 0.45, 'e': 0.9680224498313063}",25,0,-142.82371015761717,"{0: 12, 1: 3, 2: 6, 3: 4, 4: 0}",0
27,False,"{'a': 0.45, 'e': 0.9655088605438071}",25,7,-58.84073429490452,"{0: 14, 1: 0, 2: 2, 3: 1, 4: 1}",1
28,False,"{'a': 0.45, 'e': 0.9629055027349206}",20,0,-91.54225194267542,"{0: 11, 1: 3, 2: 5, 3: 0, 4: 1}",0
29,False,"{'a': 0.45, 'e': 0.9602131383963479}",20,10,-38.96586238067706,"{0: 5, 1: 3, 2: 1, 3: 1, 4: 0}",1
30,False,"{'a': 0.45, 'e': 0.9574325540909672}",20,0,-76.59415020126423,"{0: 11, 1: 4, 2: 3, 3: 2, 4: 0}",0
31,False,"{'a': 0.45, 'e': 0.9545645605699706}",25,0,-162.45922693691244,"{0: 15, 1: 4, 2: 2, 3: 1, 4: 3}",0
32,False,"{'a': 0.45, 'e': 0.951609992379016}",25,7,-51.464972760935936,"{0: 12, 1: 2, 2: 2, 3: 2, 4: 0}",1
33,False,"{'a': 0.45, 'e': 0.9485697074536596}",25,0,-154.93035948836143,"{0: 15, 1: 3, 2: 4, 3: 0, 4: 3}",0
34,False,"{'a': 0.45, 'e': 0.9454445867043455}",20,2,-184.94668681845846,"{0: 8, 1: 1, 2: 5, 3: 1, 4: 3}",1
35,False,"{'a': 0.45, 'e': 0.9422355335912302}",20,0,-121.84982759541452,"{0: 13, 1: 4, 2: 0, 3: 0, 4: 3}",0
36,False,"{'a': 0.45, 'e': 0.9389434736891333}",20,11,-41.084141479687275,"{0: 5, 1: 0, 2: 3, 3: 1, 4: 0}",1
37,False,"{'a': 0.45, 'e': 0.9355693542429039}",35,10,-177.10023305722046,"{0: 12, 1: 3, 2: 6, 3: 2, 4: 2}",1
38,False,"{'a': 0.45, 'e': 0.932114143713503}",25,0,-150.54330186588976,"{0: 13, 1: 1, 2: 8, 3: 2, 4: 1}",0
39,False,"{'a': 0.45, 'e': 0.9285788313151069}",25,7,-59.63261361950987,"{0: 13, 1: 0, 2: 4, 3: 0, 4: 1}",1
40,False,"{'a': 0.45, 'e': 0.9249644265435394}",25,0,-178.0324575321746,"{0: 14, 1: 2, 2: 5, 3: 1, 4: 3}",0
41,False,"{'a': 0.45, 'e': 0.9212719586963488}",20,0,-158.515259956001,"{0: 12, 1: 2, 2: 2, 3: 1, 4: 3}",0
42,False,"{'a': 0.45, 'e': 0.9175024763848473}",25,0,-43.828228976678034,"{0: 18, 1: 2, 2: 5, 3: 0, 4: 0}",0
43,False,"{'a': 0.45, 'e': 0.9136570470384379}",25,0,-204.80524751516174,"{0: 12, 1: 3, 2: 6, 3: 1, 4: 3}",0
44,False,"{'a': 0.45, 'e': 0.9097367564015546}",30,0,-276.3422013401411,"{0: 15, 1: 2, 2: 6, 3: 3, 4: 4}",0
45,False,"{'a': 0.45, 'e': 0.9057427080235487}",30,0,-58.50745186703487,"{0: 18, 1: 7, 2: 5, 3: 0, 4: 0}",0
46,False,"{'a': 0.45, 'e': 0.9016760227418557}",20,0,-127.0492917064177,"{0: 10, 1: 4, 2: 4, 3: 0, 4: 2}",0
47,False,"{'a': 0.45, 'e': 0.8975378381587804}",25,0,-154.98296289188394,"{0: 15, 1: 1, 2: 5, 3: 2, 4: 2}",0
48,False,"{'a': 0.45, 'e': 0.8933293081122431}",20,0,-56.76456504880735,"{0: 14, 1: 4, 2: 1, 3: 0, 4: 1}",0
49,False,"{'a': 0.45, 'e': 0.889051602140828}",20,14,-31.208894839054768,"{0: 5, 1: 0, 2: 0, 3: 0, 4: 1}",1
50,False,"{'a': 0.45, 'e': 0.8847059049434838}",20,1,-62.11205525054883,"{0: 13, 1: 1, 2: 4, 3: 0, 4: 1}",1
51,False,"{'a': 0.45, 'e': 0.8802934158342214}",35,8,-68.95415746403867,"{0: 20, 1: 3, 2: 2, 3: 1, 4: 1}",1
52,False,"{'a': 0.45, 'e': 0.8758153481921614}",20,0,-156.5091900203467,"{0: 10, 1: 3, 2: 3, 3: 2, 4: 2}",0
53,False,"{'a': 0.45, 'e': 0.8712729289072831}",20,0,-89.62054605199855,"{0: 15, 1: 0, 2: 3, 3: 0, 4: 2}",0
54,False,"{'a': 0.45, 'e': 0.8666673978222256}",20,6,-34.2603549512404,"{0: 9, 1: 0, 2: 5, 3: 0, 4: 0}",1
55,False,"{'a': 0.45, 'e': 0.862000007170499}",25,0,-59.80254791327853,"{0: 16, 1: 3, 2: 6, 3: 0, 4: 0}",0
56,False,"{'a': 0.45, 'e': 0.8572720210114577}",25,0,-150.92791329709627,"{0: 15, 1: 3, 2: 4, 3: 0, 4: 3}",0
57,False,"{'a': 0.45, 'e': 0.8524847146623916}",20,0,-152.53936089018742,"{0: 8, 1: 4, 2: 6, 3: 0, 4: 2}",0
58,False,"{'a': 0.45, 'e': 0.8476393741280911}",30,0,-104.77619197918693,"{0: 20, 1: 3, 2: 4, 3: 2, 4: 1}",0
59,False,"{'a': 0.45, 'e': 0.8427372955282404}",20,0,-148.70908614889666,"{0: 9, 1: 0, 2: 8, 3: 2, 4: 1}",0
60,False,"{'a': 0.45, 'e': 0.8377797845229941}",30,0,-174.80904075511998,"{0: 18, 1: 3, 2: 6, 3: 0, 4: 3}",0
61,False,"{'a': 0.45, 'e': 0.8327681557370912}",20,0,-109.08492139504844,"{0: 12, 1: 1, 2: 5, 3: 1, 4: 1}",0
62,False,"{'a': 0.45, 'e': 0.8277037321828589}",20,0,-91.48662666716058,"{0: 14, 1: 2, 2: 2, 3: 0, 4: 2}",0
63,False,"{'a': 0.45, 'e': 0.8225878446824588}",20,0,-61.142027399401826,"{0: 15, 1: 0, 2: 4, 3: 0, 4: 1}",0
64,False,"{'a': 0.45, 'e': 0.8174218312897245}",20,0,-52.147557413458216,"{0: 16, 1: 1, 2: 1, 3: 1, 4: 1}",0
65,False,"{'a': 0.45, 'e': 0.8122070367119392}",25,11,-65.3486803913324,"{0: 9, 1: 2, 2: 1, 3: 1, 4: 1}",1
66,False,"{'a': 0.45, 'e': 0.8069448117319008}",25,0,-197.61245070931926,"{0: 13, 1: 3, 2: 4, 3: 2, 4: 3}",0
67,False,"{'a': 0.45, 'e': 0.8016365126306162}",25,0,-116.1916809174944,"{0: 14, 1: 4, 2: 5, 3: 1, 4: 1}",0
68,False,"{'a': 0.45, 'e': 0.7962835006109678}",25,0,-95.37111824509653,"{0: 17, 1: 2, 2: 3, 3: 2, 4: 1}",0
69,False,"{'a': 0.45, 'e': 0.7908871412226888}",25,0,-180.50638134256573,"{0: 15, 1: 2, 2: 3, 3: 2, 4: 3}",0
70,False,"{'a': 0.45, 'e': 0.7854488037889852}",20,5,-64.76364636344819,"{0: 10, 1: 2, 2: 1, 3: 1, 4: 1}",1
71,False,"{'a': 0.45, 'e': 0.7799698608351329}",20,0,-143.61876048548152,"{0: 12, 1: 3, 2: 2, 3: 0, 4: 3}",0
72,False,"{'a': 0.45, 'e': 0.7744516875193813}",20,0,-47.72066872209112,"{0: 15, 1: 2, 2: 2, 3: 0, 4: 1}",0
73,False,"{'a': 0.45, 'e': 0.7688956610664858}",20,0,-59.37665878109279,"{0: 14, 1: 3, 2: 2, 3: 0, 4: 1}",0
74,False,"{'a': 0.45, 'e': 0.76330316020419}",30,2,-105.46513192272593,"{0: 22, 1: 1, 2: 1, 3: 2, 4: 2}",1
75,False,"{'a': 0.45, 'e': 0.7576755646029747}",20,11,-51.344462725793996,"{0: 6, 1: 0, 2: 2, 3: 0, 4: 1}",1
76,False,"{'a': 0.45, 'e': 0.752014254319383}",25,0,-96.73258740268935,"{0: 15, 1: 3, 2: 5, 3: 1, 4: 1}",0
77,False,"{'a': 0.45, 'e': 0.7463206092432303}",20,6,-52.24470220837942,"{0: 9, 1: 3, 2: 1, 3: 0, 4: 1}",1
78,False,"{'a': 0.45, 'e': 0.7405960085490002}",20,0,-100.34814211719565,"{0: 14, 1: 1, 2: 3, 3: 0, 4: 2}",0
79,False,"{'a': 0.45, 'e': 0.7348418301517223}",20,0,-86.08665087153645,"{0: 13, 1: 0, 2: 5, 3: 1, 4: 1}",0
80,False,"{'a': 0.45, 'e': 0.7290594501676242}",20,0,-26.626531505360706,"{0: 16, 1: 1, 2: 2, 3: 1, 4: 0}",0
81,False,"{'a': 0.45, 'e': 0.7232502423798428}",20,3,-81.12098580747714,"{0: 12, 1: 1, 2: 2, 3: 0, 4: 2}",1
82,False,"{'a': 0.45, 'e': 0.7174155777094753}",35,16,-47.43767718318595,"{0: 13, 1: 0, 2: 5, 3: 1, 4: 0}",1
83,False,"{'a': 0.45, 'e': 0.7115568236922432}",25,0,-28.978840637763557,"{0: 19, 1: 2, 2: 4, 3: 0, 4: 0}",0
84,False,"{'a': 0.45, 'e': 0.7056753439610381}",20,1,-137.0919398249626,"{0: 12, 1: 2, 2: 2, 3: 0, 4: 3}",1
85,False,"{'a': 0.45, 'e': 0.6997724977346114}",25,0,-88.4579468527547,"{0: 18, 1: 1, 2: 3, 3: 2, 4: 1}",0
86,False,"{'a': 0.45, 'e': 0.693849639312661}",20,10,3.0082159752386417,"{0: 8, 1: 2, 2: 0, 3: 0, 4: 0}",1
87,False,"{'a': 0.45, 'e': 0.6879081175775668}",20,4,-51.944679486680776,"{0: 10, 1: 4, 2: 1, 3: 0, 4: 1}",1
88,False,"{'a': 0.45, 'e': 0.6819492755030152}",25,5,-50.56856396819949,"{0: 16, 1: 0, 2: 2, 3: 1, 4: 1}",1
89,False,"{'a': 0.45, 'e': 0.675974449669748}",20,0,-54.449579966053115,"{0: 13, 1: 2, 2: 4, 3: 1, 4: 0}",0
90,False,"{'a': 0.45, 'e': 0.6699849697886643}",25,7,-112.63142436073134,"{0: 12, 1: 0, 2: 3, 3: 1, 4: 2}",1
91,False,"{'a': 0.45, 'e': 0.6639821582314969}",20,13,-14.781939475433767,"{0: 4, 1: 2, 2: 1, 3: 0, 4: 0}",1
92,False,"{'a': 0.45, 'e': 0.6579673295692762}",35,0,-76.40307574741527,"{0: 24, 1: 5, 2: 4, 3: 2, 4: 0}",0
93,False,"{'a': 0.45, 'e': 0.6519417901187894}",20,10,17.89384761359541,"{0: 10, 1: 0, 2: 0, 3: 0, 4: 0}",1
94,False,"{'a': 0.45, 'e': 0.6459068374972332}",30,0,-91.57535610515177,"{0: 23, 1: 4, 2: 0, 3: 1, 4: 2}",1
95,False,"{'a': 0.45, 'e': 0.6398637601852526}",30,0,-102.61802623016979,"{0: 18, 1: 7, 2: 3, 3: 1, 4: 1}",0
96,False,"{'a': 0.45, 'e': 0.6338138370985493}",35,23,-62.45771828874925,"{0: 8, 1: 1, 2: 1, 3: 1, 4: 1}",1
97,False,"{'a': 0.45, 'e': 0.6277583371682368}",20,0,-19.12580203369127,"{0: 18, 1: 1, 2: 0, 3: 0, 4: 1}",0
98,False,"{'a': 0.45, 'e': 0.6216985189301102}",20,0,-65.33741275455215,"{0: 15, 1: 2, 2: 1, 3: 1, 4: 1}",0
99,False,"{'a': 0.45, 'e': 0.6156356301229924}",25,15,-27.96194215160499,"{0: 5, 1: 2, 2: 3, 3: 0, 4: 0}",1
100,False,"{'a': 0.45, 'e': 0.6095709072963096}",20,1,-20.010537278210215,"{0: 15, 1: 0, 2: 4, 3: 0, 4: 0}",1
101,False,"{'a': 0.45, 'e': 0.6035055754270409}",25,20,10.41389149311743,"{0: 5, 1: 0, 2: 0, 3: 0, 4: 0}",1
102,False,"{'a': 0.45, 'e': 0.5974408475461794}",25,16,4.448079063539631,"{0: 8, 1: 0, 2: 1, 3: 0, 4: 0}",1
103,False,"{'a': 0.45, 'e': 0.591377924374835}",20,9,-58.34169065463407,"{0: 8, 1: 0, 2: 1, 3: 1, 4: 1}",1
104,False,"{'a': 0.45, 'e': 0.5853179939700986}",25,0,-41.77522619345885,"{0: 18, 1: 1, 2: 6, 3: 0, 4: 0}",0
105,False,"{'a': 0.45, 'e': 0.5792622313807825}",25,0,-54.799240518278424,"{0: 21, 1: 1, 2: 0, 3: 2, 4: 1}",0
106,False,"{'a': 0.45, 'e': 0.5732117983131411}",20,0,-62.894908256425595,"{0: 15, 1: 2, 2: 1, 3: 1, 4: 1}",0
107,False,"{'a': 0.45, 'e': 0.5671678428066701}",25,0,-84.8872295541167,"{0: 21, 1: 0, 2: 1, 3: 1, 4: 2}",0
108,False,"{'a': 0.45, 'e': 0.5611314989200731}",30,4,-25.452031537193168,"{0: 19, 1: 2, 2: 5, 3: 0, 4: 0}",1
109,False,"{'a': 0.45, 'e': 0.5551038864274759}",20,0,-46.59769903690924,"{0: 15, 1: 3, 2: 1, 3: 0, 4: 1}",0
110,False,"{'a': 0.45, 'e': 0.5490861105249634}",20,16,8.101705790744623,"{0: 4, 1: 0, 2: 0, 3: 0, 4: 0}",1
111,False,"{'a': 0.45, 'e': 0.5430792615475032}",25,7,-50.94872214412622,"{0: 14, 1: 0, 2: 3, 3: 0, 4: 1}",1
112,False,"{'a': 0.45, 'e': 0.5370844146963136}",20,8,-31.433950169243445,"{0: 7, 1: 1, 2: 4, 3: 0, 4: 0}",1
113,False,"{'a': 0.45, 'e': 0.5311026297767255}",35,25,-10.185874018073873,"{0: 7, 1: 2, 2: 1, 3: 0, 4: 0}",1
114,False,"{'a': 0.45, 'e': 0.5251349509465795}",30,0,-110.44947292431078,"{0: 21, 1: 2, 2: 5, 3: 0, 4: 2}",0
115,False,"{'a': 0.45, 'e': 0.5191824064751923}",25,15,20.395354234414256,"{0: 10, 1: 0, 2: 0, 3: 0, 4: 0}",1
116,False,"{'a': 0.45, 'e': 0.513246008512919}",20,9,7.935069450133618,"{0: 10, 1: 0, 2: 1, 3: 0, 4: 0}",1
117,False,"{'a': 0.45, 'e': 0.5073267528713281}",25,12,-9.71411386104838,"{0: 11, 1: 0, 2: 1, 3: 1, 4: 0}",1
118,False,"{'a': 0.45, 'e': 0.501425618814002}",20,9,-24.906509995525223,"{0: 8, 1: 0, 2: 2, 3: 1, 4: 0}",1
119,False,"{'a': 0.45, 'e': 0.49554356885796536}",20,7,-35.74867396046425,"{0: 11, 1: 0, 2: 1, 3: 0, 4: 1}",1
120,False,"{'a': 0.45, 'e': 0.4896815485857363}",25,0,-41.89282956127373,"{0: 19, 1: 1, 2: 4, 3: 1, 4: 0}",1
121,False,"{'a': 0.45, 'e': 0.4838404864679911}",20,14,10.21526692778734,"{0: 6, 1: 0, 2: 0, 3: 0, 4: 0}",1
122,False,"{'a': 0.45, 'e': 0.4780212936968219}",25,14,-6.755242153739774,"{0: 8, 1: 2, 2: 1, 3: 0, 4: 0}",1
123,False,"{'a': 0.45, 'e': 0.4722248640295619}",25,19,8.79007239266453,"{0: 6, 1: 0, 2: 0, 3: 0, 4: 0}",1
124,False,"{'a': 0.45, 'e': 0.466452073643146}",25,16,-6.038934143794473,"{0: 6, 1: 3, 2: 0, 3: 0, 4: 0}",1
125,False,"{'a': 0.45, 'e': 0.46070378099896586}",30,18,-5.14152904445217,"{0: 10, 1: 0, 2: 2, 3: 0, 4: 0}",1
126,False,"{'a': 0.45, 'e': 0.4549808267181736}",25,19,-0.7047599567603138,"{0: 5, 1: 0, 2: 1, 3: 0, 4: 0}",1
127,False,"{'a': 0.45, 'e': 0.4492840334673799}",25,1,-19.108821812351717,"{0: 22, 1: 0, 2: 1, 3: 0, 4: 1}",1
128,False,"{'a': 0.45, 'e': 0.44361420585468786}",30,5,-63.44142288066322,"{0: 18, 1: 2, 2: 4, 3: 0, 4: 1}",1
129,False,"{'a': 0.45, 'e': 0.43797213033599486}",20,4,-20.4759651456604,"{0: 15, 1: 0, 2: 0, 3: 0, 4: 1}",1
130,False,"{'a': 0.45, 'e': 0.43235857513149045}",30,7,-11.953189987146917,"{0: 19, 1: 0, 2: 4, 3: 0, 4: 0}",1
131,False,"{'a': 0.45, 'e': 0.42677429015227125}",30,12,-1.661096169329058,"{0: 16, 1: 0, 2: 1, 3: 1, 4: 0}",1
132,False,"{'a': 0.45, 'e': 0.42122000693698797}",30,12,5.912105029573432,"{0: 16, 1: 0, 2: 2, 3: 0, 4: 0}",1
133,False,"{'a': 0.45, 'e': 0.4156964385984336}",25,20,10.3267138798778,"{0: 5, 1: 0, 2: 0, 3: 0, 4: 0}",1
134,False,"{'a': 0.45, 'e': 0.41020427977997626}",30,21,14.141684932841315,"{0: 9, 1: 0, 2: 0, 3: 0, 4: 0}",1
135,False,"{'a': 0.45, 'e': 0.404744206621735}",20,0,15.718769934453924,"{0: 18, 1: 2, 2: 0, 3: 0, 4: 0}",0
136,False,"{'a': 0.45, 'e': 0.39931687673638994}",25,0,-25.48136874179463,"{0: 20, 1: 1, 2: 3, 3: 1, 4: 0}",0
137,False,"{'a': 0.45, 'e': 0.39392292919451494}",30,0,-29.305818035765174,"{0: 25, 1: 2, 2: 2, 3: 0, 4: 1}",0
138,False,"{'a': 0.45, 'e': 0.3885629845193143}",20,6,21.763596778389807,"{0: 13, 1: 1, 2: 0, 3: 0, 4: 0}",1
139,False,"{'a': 0.45, 'e': 0.3832376446906405}",20,6,-19.673425930889707,"{0: 13, 1: 0, 2: 0, 3: 0, 4: 1}",1
140,False,"{'a': 0.45, 'e': 0.3779474931581651}",20,12,13.037690364839207,"{0: 8, 1: 0, 2: 0, 3: 0, 4: 0}",1
141,False,"{'a': 0.45, 'e': 0.37269309486357144}",25,0,-2.5966646079799984,"{0: 21, 1: 1, 2: 3, 3: 0, 4: 0}",0
142,False,"{'a': 0.45, 'e': 0.3674749962716302}",20,0,16.95780379583651,"{0: 18, 1: 2, 2: 0, 3: 0, 4: 0}",1
143,False,"{'a': 0.45, 'e': 0.3622937254100193}",25,10,-36.80804543549273,"{0: 13, 1: 0, 2: 0, 3: 1, 4: 1}",1
144,False,"{'a': 0.45, 'e': 0.3571497919177404}",25,3,6.670478568799199,"{0: 19, 1: 1, 2: 2, 3: 0, 4: 0}",1
145,False,"{'a': 0.45, 'e': 0.35204368710198464}",20,12,4.709622299215147,"{0: 7, 1: 0, 2: 1, 3: 0, 4: 0}",1
146,False,"{'a': 0.45, 'e': 0.3469758840032937}",30,14,-33.76658220261868,"{0: 13, 1: 1, 2: 1, 3: 0, 4: 1}",1
147,False,"{'a': 0.45, 'e': 0.34194683746885957}",20,0,12.398382285895801,"{0: 18, 1: 1, 2: 1, 3: 0, 4: 0}",0
148,False,"{'a': 0.45, 'e': 0.33695698423380355}",20,5,21.85168518890441,"{0: 15, 1: 0, 2: 0, 3: 0, 4: 0}",1
149,False,"{'a': 0.45, 'e': 0.33200674301027067}",20,9,-2.739282860287378,"{0: 8, 1: 3, 2: 0, 3: 0, 4: 0}",1
150,False,"{'a': 0.45, 'e': 0.32709651458417366}",25,13,10.691590298896482,"{0: 11, 1: 1, 2: 0, 3: 0, 4: 0}",1
151,False,"{'a': 0.45, 'e': 0.3222266819194168}",20,10,-7.814668937043971,"{0: 8, 1: 0, 2: 2, 3: 0, 4: 0}",1
152,False,"{'a': 0.45, 'e': 0.31739761026942787}",20,10,6.570982070892294,"{0: 9, 1: 0, 2: 1, 3: 0, 4: 0}",1
153,False,"{'a': 0.45, 'e': 0.31260964729582413}",20,0,1.5157916102526425,"{0: 18, 1: 1, 2: 0, 3: 1, 4: 0}",1
154,False,"{'a': 0.45, 'e': 0.30786312319403436}",25,6,-6.587551294197221,"{0: 16, 1: 1, 2: 1, 3: 1, 4: 0}",1
155,False,"{'a': 0.45, 'e': 0.3031583508256995}",25,12,-33.50912424550083,"{0: 10, 1: 2, 2: 0, 3: 0, 4: 1}",1
156,False,"{'a': 0.45, 'e': 0.29849562585766903}",25,0,7.184013987629715,"{0: 22, 1: 1, 2: 2, 3: 0, 4: 0}",0
157,False,"{'a': 0.45, 'e': 0.2938752269074121}",20,8,-10.02732409013406,"{0: 10, 1: 0, 2: 1, 3: 1, 4: 0}",1
158,False,"{'a': 0.45, 'e': 0.28929741569465667}",35,21,-18.166995236702707,"{0: 13, 1: 0, 2: 0, 3: 0, 4: 1}",1
159,False,"{'a': 0.45, 'e': 0.28476243719907296}",30,13,-38.492399349117484,"{0: 13, 1: 2, 2: 1, 3: 0, 4: 1}",1
160,False,"{'a': 0.45, 'e': 0.2802705198238116}",30,20,7.030611899897443,"{0: 9, 1: 0, 2: 1, 3: 0, 4: 0}",1
161,False,"{'a': 0.45, 'e': 0.2758218755647094}",30,15,15.303295741757218,"{0: 14, 1: 0, 2: 1, 3: 0, 4: 0}",1
162,False,"{'a': 0.45, 'e': 0.27141670018497255}",20,0,-72.32749750380796,"{0: 13, 1: 2, 2: 4, 3: 0, 4: 1}",0
163,False,"{'a': 0.45, 'e': 0.2670551733951472}",30,12,28.77367103426996,"{0: 18, 1: 0, 2: 0, 3: 0, 4: 0}",1
164,False,"{'a': 0.45, 'e': 0.2627374590381862}",25,5,-53.38952266605813,"{0: 16, 1: 0, 2: 2, 3: 1, 4: 1}",1
165,False,"{'a': 0.45, 'e': 0.25846370527942003}",30,20,-2.3527301396577744,"{0: 9, 1: 0, 2: 0, 3: 1, 4: 0}",1
166,False,"{'a': 0.45, 'e': 0.25423404480124123}",30,20,17.58450923397845,"{0: 10, 1: 0, 2: 0, 3: 0, 4: 0}",1
167,False,"{'a': 0.45, 'e': 0.25004859500230925}",20,4,1.0478057048883938,"{0: 14, 1: 0, 2: 2, 3: 0, 4: 0}",1
168,False,"{'a': 0.45, 'e': 0.24590745820108378}",20,0,16.223317241570182,"{0: 19, 1: 0, 2: 1, 3: 0, 4: 0}",0
169,False,"{'a': 0.45, 'e': 0.2418107218434952}",20,6,13.927343412071307,"{0: 13, 1: 0, 2: 1, 3: 0, 4: 0}",1
170,False,"{'a': 0.45, 'e': 0.2377584587145599}",20,0,19.602310754128194,"{0: 19, 1: 1, 2: 0, 3: 0, 4: 0}",0
171,False,"{'a': 0.45, 'e': 0.23375072715374945}",25,10,5.91169251036648,"{0: 14, 1: 0, 2: 0, 3: 1, 4: 0}",1
172,False,"{'a': 0.45, 'e': 0.22978757127392313}",20,14,-29.719106984446256,"{0: 5, 1: 0, 2: 0, 3: 0, 4: 1}",1
173,False,"{'a': 0.45, 'e': 0.22586902118363336}",25,13,-4.865178889517122,"{0: 10, 1: 0, 2: 2, 3: 0, 4: 0}",1
174,False,"{'a': 0.45, 'e': 0.22199509321261574}",30,0,35.095041555899066,"{0: 29, 1: 1, 2: 0, 3: 0, 4: 0}",0
175,False,"{'a': 0.45, 'e': 0.2181657901402746}",20,6,-18.201079094264554,"{0: 13, 1: 0, 2: 0, 3: 0, 4: 1}",1
176,False,"{'a': 0.45, 'e': 0.21438110142697803}",30,10,15.129748639149255,"{0: 18, 1: 1, 2: 1, 3: 0, 4: 0}",1
177,False,"{'a': 0.45, 'e': 0.21064100344797584}",20,3,-5.119373355468637,"{0: 14, 1: 1, 2: 2, 3: 0, 4: 0}",1
178,False,"{'a': 0.45, 'e': 0.20694545972975675}",25,7,-10.21199773845093,"{0: 17, 1: 0, 2: 0, 3: 0, 4: 1}",1
179,False,"{'a': 0.45, 'e': 0.2032944211886614}",25,13,22.990692282443717,"{0: 12, 1: 0, 2: 0, 3: 0, 4: 0}",1
180,False,"{'a': 0.45, 'e': 0.19968782637157018}",30,14,28.86608535269146,"{0: 16, 1: 0, 2: 0, 3: 0, 4: 0}",1
181,False,"{'a': 0.45, 'e': 0.19612560169848647}",35,18,31.934904761293787,"{0: 17, 1: 0, 2: 0, 3: 0, 4: 0}",1
182,False,"{'a': 0.45, 'e': 0.19260766170683727}",25,17,-6.381028568073594,"{0: 7, 1: 0, 2: 0, 3: 1, 4: 0}",1
183,False,"{'a': 0.45, 'e': 0.1891339092973158}",20,6,-80.93838549236797,"{0: 11, 1: 0, 2: 0, 3: 1, 4: 2}",1
184,False,"{'a': 0.45, 'e': 0.18570423598109223}",30,0,-122.6575604229984,"{0: 23, 1: 0, 2: 4, 3: 0, 4: 3}",0
185,False,"{'a': 0.45, 'e': 0.18231852212822106}",20,13,3.257692159644703,"{0: 6, 1: 0, 2: 1, 3: 0, 4: 0}",1
186,False,"{'a': 0.45, 'e': 0.17897663721707593}",35,20,12.431077575124107,"{0: 14, 1: 0, 2: 1, 3: 0, 4: 0}",1
187,False,"{'a': 0.45, 'e': 0.175678440084645}",30,14,-34.632578877215046,"{0: 13, 1: 1, 2: 1, 3: 0, 4: 1}",1
188,False,"{'a': 0.45, 'e': 0.17242377917752205}",25,18,11.018315541917309,"{0: 7, 1: 0, 2: 0, 3: 0, 4: 0}",1
189,False,"{'a': 0.45, 'e': 0.16921249280343195}",30,10,16.94799463734393,"{0: 18, 1: 1, 2: 1, 3: 0, 4: 0}",1
190,False,"{'a': 0.45, 'e': 0.1660444093831307}",20,7,22.934822481139747,"{0: 13, 1: 0, 2: 0, 3: 0, 4: 0}",1
191,False,"{'a': 0.45, 'e': 0.16291934770252356}",25,14,19.80818089606358,"{0: 11, 1: 0, 2: 0, 3: 0, 4: 0}",1
192,False,"{'a': 0.45, 'e': 0.1598371171648473}",20,13,12.653287113320879,"{0: 7, 1: 0, 2: 0, 3: 0, 4: 0}",1
193,False,"{'a': 0.45, 'e': 0.15679751804276554}",20,11,6.02023264623479,"{0: 8, 1: 0, 2: 1, 3: 0, 4: 0}",1
194,False,"{'a': 0.45, 'e': 0.15380034173022897}",25,11,21.623870092743473,"{0: 14, 1: 0, 2: 0, 3: 0, 4: 0}",1
195,False,"{'a': 0.45, 'e': 0.15084537099395523}",20,0,8.05387096317051,"{0: 18, 1: 1, 2: 1, 3: 0, 4: 0}",0
196,False,"{'a': 0.45, 'e': 0.14793238022438643}",25,13,21.875251319443542,"{0: 12, 1: 0, 2: 0, 3: 0, 4: 0}",1
197,False,"{'a': 0.45, 'e': 0.14506113568598478}",25,20,10.61594889479735,"{0: 5, 1: 0, 2: 0, 3: 0, 4: 0}",1
198,False,"{'a': 0.45, 'e': 0.1422313957667307}",30,0,42.633274333539205,"{0: 29, 1: 1, 2: 0, 3: 0, 4: 0}",0
199,False,"{'a': 0.45, 'e': 0.1394429112266905}",20,3,12.64037214682175,"{0: 16, 1: 0, 2: 1, 3: 0, 4: 0}",1
200,False,"{'a': 0.45, 'e': 0.13669542544552388}",20,13,11.045013384956576,"{0: 7, 1: 0, 2: 0, 3: 0, 4: 0}",1
201,False,"{'a': 0.45, 'e': 0.13398867466880499}",20,14,-1.6397380173112621,"{0: 5, 1: 0, 2: 1, 3: 0, 4: 0}",1
202,False,"{'a': 0.45, 'e': 0.13132238825303397}",25,18,11.894073539687591,"{0: 7, 1: 0, 2: 0, 3: 0, 4: 0}",1
203,False,"{'a': 0.45, 'e': 0.1286962889092193}",25,2,31.950858393191243,"{0: 23, 1: 0, 2: 0, 3: 0, 4: 0}",1
204,False,"{'a': 0.45, 'e': 0.12611009294491446}",20,0,28.445821841071147,"{0: 20, 1: 0, 2: 0, 3: 0, 4: 0}",0
205,False,"{'a': 0.45, 'e': 0.12356351050459594}",20,14,-2.386787539058137,"{0: 5, 1: 0, 2: 1, 3: 0, 4: 0}",1
206,False,"{'a': 0.45, 'e': 0.12105624580827308}",25,13,-20.54395456033301,"{0: 9, 1: 0, 2: 2, 3: 1, 4: 0}",1
207,False,"{'a': 0.45, 'e': 0.11858799738822345}",30,0,40.816325386134736,"{0: 30, 1: 0, 2: 0, 3: 0, 4: 0}",1
208,False,"{'a': 0.45, 'e': 0.11615845832375113}",20,14,12.271604758846404,"{0: 6, 1: 0, 2: 0, 3: 0, 4: 0}",1
209,False,"{'a': 0.45, 'e': 0.11376731647386842}",20,13,13.844730611332952,"{0: 7, 1: 0, 2: 0, 3: 0, 4: 0}",1
210,False,"{'a': 0.45, 'e': 0.11141425470780554}",25,17,1.6137931770877827,"{0: 7, 1: 0, 2: 1, 3: 0, 4: 0}",1
211,False,"{'a': 0.45, 'e': 0.10909895113325538}",20,11,16.91853370850151,"{0: 9, 1: 0, 2: 0, 3: 0, 4: 0}",1
212,False,"{'a': 0.45, 'e': 0.10682107932226498}",25,14,17.31181328431649,"{0: 11, 1: 0, 2: 0, 3: 0, 4: 0}",1
213,False,"{'a': 0.45, 'e': 0.10458030853468787}",20,6,18.615588819849734,"{0: 14, 1: 0, 2: 0, 3: 0, 4: 0}",1
214,False,"{'a': 0.45, 'e': 0.10237630393911554}",25,16,16.481241963354908,"{0: 9, 1: 0, 2: 0, 3: 0, 4: 0}",1
215,False,"{'a': 0.45, 'e': 0.10020872683120936}",20,4,23.840279829425697,"{0: 16, 1: 0, 2: 0, 3: 0, 4: 0}",1
216,False,"{'a': 0.45, 'e': 0.0980772348493581}",20,10,18.460464735799764,"{0: 10, 1: 0, 2: 0, 3: 0, 4: 0}",1
217,False,"{'a': 0.45, 'e': 0.09598148218758895}",30,21,16.02698151831835,"{0: 9, 1: 0, 2: 0, 3: 0, 4: 0}",1
218,False,"{'a': 0.45, 'e': 0.09392111980566446}",20,16,6.540402041720374,"{0: 4, 1: 0, 2: 0, 3: 0, 4: 0}",1
219,False,"{'a': 0.45, 'e': 0.09189579563629993}",20,8,13.418714681423024,"{0: 11, 1: 0, 2: 1, 3: 0, 4: 0}",1
220,False,"{'a': 0.45, 'e': 0.08990515478944015}",30,14,32.38138350595686,"{0: 16, 1: 0, 2: 0, 3: 0, 4: 0}",1
221,False,"{'a': 0.45, 'e': 0.08794883975353736}",20,13,10.89976196562159,"{0: 7, 1: 0, 2: 0, 3: 0, 4: 0}",1
222,False,"{'a': 0.45, 'e': 0.08602649059377543}",20,2,20.64432312101887,"{0: 17, 1: 0, 2: 1, 3: 0, 4: 0}",1
223,False,"{'a': 0.45, 'e': 0.08413774514718905}",35,18,29.92021417680135,"{0: 17, 1: 0, 2: 0, 3: 0, 4: 0}",1
224,False,"{'a': 0.45, 'e': 0.08228223921462957}",25,3,-9.132874833991487,"{0: 21, 1: 0, 2: 0, 3: 0, 4: 1}",1
225,False,"{'a': 0.45, 'e': 0.08045960674953245}",25,0,19.39026804416042,"{0: 24, 1: 0, 2: 0, 3: 1, 4: 0}",0
226,False,"{'a': 0.45, 'e': 0.07866948004344466}",20,12,13.328347330971834,"{0: 8, 1: 0, 2: 0, 3: 0, 4: 0}",1
227,False,"{'a': 0.45, 'e': 0.0769114899082734}",30,19,10.320395693524835,"{0: 10, 1: 0, 2: 1, 3: 0, 4: 0}",1
228,False,"{'a': 0.45, 'e': 0.0751852658552205}",25,14,14.660045994698791,"{0: 11, 1: 0, 2: 0, 3: 0, 4: 0}",1
229,False,"{'a': 0.45, 'e': 0.07349043627037029}",25,11,24.368393757634614,"{0: 14, 1: 0, 2: 0, 3: 0, 4: 0}",1
230,False,"{'a': 0.45, 'e': 0.07182662858690132}",30,16,26.404723225286816,"{0: 14, 1: 0, 2: 0, 3: 0, 4: 0}",1
231,False,"{'a': 0.45, 'e': 0.07019346945389585}",25,10,18.341918550812228,"{0: 14, 1: 0, 2: 1, 3: 0, 4: 0}",1
232,False,"{'a': 0.45, 'e': 0.06859058490172339}",25,14,16.683671953448542,"{0: 11, 1: 0, 2: 0, 3: 0, 4: 0}",1
233,False,"{'a': 0.45, 'e': 0.06701760050397787}",20,16,7.194891236467589,"{0: 4, 1: 0, 2: 0, 3: 0, 4: 0}",1
234,False,"{'a': 0.45, 'e': 0.06547414153595082}",25,16,20.029319071701828,"{0: 9, 1: 0, 2: 0, 3: 0, 4: 0}",1
235,False,"{'a': 0.45, 'e': 0.06395983312962558}",30,15,28.182710186988594,"{0: 15, 1: 0, 2: 0, 3: 0, 4: 0}",1
236,False,"{'a': 0.45, 'e': 0.06247430042518038}",25,8,21.091969115052848,"{0: 16, 1: 1, 2: 0, 3: 0, 4: 0}",1
237,False,"{'a': 0.45, 'e': 0.06101716871899097}",25,11,24.684473570265542,"{0: 14, 1: 0, 2: 0, 3: 0, 4: 0}",1
238,False,"{'a': 0.45, 'e': 0.0595880636081259}",20,9,20.723418231260162,"{0: 11, 1: 0, 2: 0, 3: 0, 4: 0}",1
239,False,"{'a': 0.45, 'e': 0.058186611131330265}",35,20,18.0058910354754,"{0: 14, 1: 0, 2: 1, 3: 0, 4: 0}",1
240,False,"{'a': 0.45, 'e': 0.05681243790649616}",20,11,6.6888661963849865,"{0: 8, 1: 0, 2: 1, 3: 0, 4: 0}",1
241,False,"{'a': 0.45, 'e': 0.055465171264620756}",20,14,11.405905399972625,"{0: 6, 1: 0, 2: 0, 3: 0, 4: 0}",1
242,False,"{'a': 0.45, 'e': 0.054144439380255024}",35,14,34.81893025530048,"{0: 21, 1: 0, 2: 0, 3: 0, 4: 0}",1
243,False,"{'a': 0.45, 'e': 0.05284987139844878}",20,0,24.892520690755028,"{0: 19, 1: 0, 2: 1, 3: 0, 4: 0}",0
244,False,"{'a': 0.45, 'e': 0.05158109755819982}",30,24,11.8563601508596,"{0: 6, 1: 0, 2: 0, 3: 0, 4: 0}",1
245,False,"{'a': 0.45, 'e': 0.05033774931241717}",30,23,13.913239359799483,"{0: 7, 1: 0, 2: 0, 3: 0, 4: 0}",1
246,False,"{'a': 0.45, 'e': 0.049119459444410825}",25,19,8.954750220590181,"{0: 6, 1: 0, 2: 0, 3: 0, 4: 0}",1
247,False,"{'a': 0.45, 'e': 0.04792586218092213}",20,5,16.474633927255734,"{0: 14, 1: 1, 2: 0, 3: 0, 4: 0}",1
248,False,"{'a': 0.45, 'e': 0.04675659330171136}",20,16,9.097753569796089,"{0: 4, 1: 0, 2: 0, 3: 0, 4: 0}",1
249,False,"{'a': 0.45, 'e': 0.04561129024572079}",25,12,20.30181588131753,"{0: 13, 1: 0, 2: 0, 3: 0, 4: 0}",1
250,False,"{'a': 0.45, 'e': 0.04448959221383353}",25,16,15.51294674747471,"{0: 9, 1: 0, 2: 0, 3: 0, 4: 0}",1
251,False,"{'a': 0.45, 'e': 0.04339114026825037}",25,12,25.715923901531443,"{0: 13, 1: 0, 2: 0, 3: 0, 4: 0}",1
252,False,"{'a': 0.45, 'e': 0.04231557742850852}",30,21,12.268646096560385,"{0: 9, 1: 0, 2: 0, 3: 0, 4: 0}",1
253,False,"{'a': 0.45, 'e': 0.04126254876416792}",20,12,12.906445500328228,"{0: 8, 1: 0, 2: 0, 3: 0, 4: 0}",1
254,False,"{'a': 0.45, 'e': 0.04023170148419252}",20,11,15.948751861664725,"{0: 9, 1: 0, 2: 0, 3: 0, 4: 0}",1
255,False,"{'a': 0.45, 'e': 0.03922268502305551}",20,9,14.64555475338719,"{0: 10, 1: 1, 2: 0, 3: 0, 4: 0}",1
256,False,"{'a': 0.45, 'e': 0.03823515112359892}",25,15,19.86991638352035,"{0: 10, 1: 0, 2: 0, 3: 0, 4: 0}",1
257,False,"{'a': 0.45, 'e': 0.03726875391667968}",25,16,17.99408233448324,"{0: 9, 1: 0, 2: 0, 3: 0, 4: 0}",1
258,False,"{'a': 0.45, 'e': 0.0363231499976355}",20,3,15.995390956597204,"{0: 16, 1: 0, 2: 1, 3: 0, 4: 0}",1
259,False,"{'a': 0.45, 'e': 0.03539799849960538}",35,21,23.39523873003728,"{0: 14, 1: 0, 2: 0, 3: 0, 4: 0}",1
260,False,"{'a': 0.45, 'e': 0.0344929611637407}",30,18,23.590239294076895,"{0: 12, 1: 0, 2: 0, 3: 0, 4: 0}",1
261,False,"{'a': 0.45, 'e': 0.033607702406344406}",20,12,13.254737080607779,"{0: 8, 1: 0, 2: 0, 3: 0, 4: 0}",1
262,False,"{'a': 0.45, 'e': 0.032741889382976556}",20,14,12.082625330562056,"{0: 6, 1: 0, 2: 0, 3: 0, 4: 0}",1
263,False,"{'a': 0.45, 'e': 0.03189519204956594}",25,16,16.464508156691682,"{0: 9, 1: 0, 2: 0, 3: 0, 4: 0}",1
264,False,"{'a': 0.45, 'e': 0.031067283220568367}",30,13,33.505498105170304,"{0: 17, 1: 0, 2: 0, 3: 0, 4: 0}",1
265,False,"{'a': 0.45, 'e': 0.03025783862421332}",20,10,20.61489208679541,"{0: 10, 1: 0, 2: 0, 3: 0, 4: 0}",1
266,False,"{'a': 0.45, 'e': 0.029466536954881436}",20,10,20.297979079904447,"{0: 10, 1: 0, 2: 0, 3: 0, 4: 0}",1
267,False,"{'a': 0.45, 'e': 0.02869305992265644}",20,11,17.831794612558213,"{0: 9, 1: 0, 2: 0, 3: 0, 4: 0}",1
268,False,"{'a': 0.45, 'e': 0.027937092300095646}",25,14,8.885975657033171,"{0: 10, 1: 0, 2: 1, 3: 0, 4: 0}",1
269,False,"{'a': 0.45, 'e': 0.027198321966264167}",30,16,25.19404643483169,"{0: 14, 1: 0, 2: 0, 3: 0, 4: 0}",1
270,False,"{'a': 0.45, 'e': 0.02647643994807855}",25,14,21.114005306734,"{0: 11, 1: 0, 2: 0, 3: 0, 4: 0}",1
271,False,"{'a': 0.45, 'e': 0.025771140459006286}",25,10,27.25822565546308,"{0: 15, 1: 0, 2: 0, 3: 0, 4: 0}",1
272,False,"{'a': 0.45, 'e': 0.025082120935168123}",25,9,30.374259487009073,"{0: 16, 1: 0, 2: 0, 3: 0, 4: 0}",1
273,False,"{'a': 0.45, 'e': 0.02440908206889084}",20,1,31.60086999599862,"{0: 19, 1: 0, 2: 0, 3: 0, 4: 0}",1
274,False,"{'a': 0.45, 'e': 0.023751727839758444}",25,17,14.32397696101156,"{0: 8, 1: 0, 2: 0, 3: 0, 4: 0}",1
275,False,"{'a': 0.45, 'e': 0.023109765543210377}",25,9,29.009540721550227,"{0: 16, 1: 0, 2: 0, 3: 0, 4: 0}",1
276,False,"{'a': 0.45, 'e': 0.022482905816735545}",35,13,45.75652856148541,"{0: 22, 1: 0, 2: 0, 3: 0, 4: 0}",1
277,False,"{'a': 0.45, 'e': 0.02187086266371147}",20,2,28.706381424301288,"{0: 18, 1: 0, 2: 0, 3: 0, 4: 0}",1
278,False,"{'a': 0.45, 'e': 0.021273353474938063}",20,5,27.686734677151215,"{0: 15, 1: 0, 2: 0, 3: 0, 4: 0}",1
279,False,"{'a': 0.45, 'e': 0.02069009904791584}",25,7,31.538009662642494,"{0: 18, 1: 0, 2: 0, 3: 0, 4: 0}",1
280,False,"{'a': 0.45, 'e': 0.020120823603918547}",20,15,8.835702806589241,"{0: 5, 1: 0, 2: 0, 3: 0, 4: 0}",1
281,False,"{'a': 0.45, 'e': 0.019565254802910333}",20,10,19.04930018068011,"{0: 10, 1: 0, 2: 0, 3: 0, 4: 0}",1
282,False,"{'a': 0.45, 'e': 0.019023123756357802}",25,11,28.990008265791715,"{0: 14, 1: 0, 2: 0, 3: 0, 4: 0}",1
283,False,"{'a': 0.45, 'e': 0.018494165037987207}",30,22,17.78361793072923,"{0: 8, 1: 0, 2: 0, 3: 0, 4: 0}",1
284,False,"{'a': 0.45, 'e': 0.017978116692537183}",25,16,20.534808535378744,"{0: 9, 1: 0, 2: 0, 3: 0, 4: 0}",1
285,False,"{'a': 0.45, 'e': 0.017474720242557407}",25,6,36.61081432100221,"{0: 19, 1: 0, 2: 0, 3: 0, 4: 0}",1
286,False,"{'a': 0.45, 'e': 0.016983720693303478}",20,10,18.760428748374856,"{0: 10, 1: 0, 2: 0, 3: 0, 4: 0}",1
287,False,"{'a': 0.45, 'e': 0.0165048665357782}",25,20,8.72959927532167,"{0: 5, 1: 0, 2: 0, 3: 0, 4: 0}",1
288,False,"{'a': 0.45, 'e': 0.016037909747969457}",25,13,23.55893869815384,"{0: 12, 1: 0, 2: 0, 3: 0, 4: 0}",1
289,False,"{'a': 0.45, 'e': 0.015582605794334514}",25,10,27.696412717571917,"{0: 15, 1: 0, 2: 0, 3: 0, 4: 0}",1
290,False,"{'a': 0.45, 'e': 0.015138713623580578}",25,0,24.181259161441275,"{0: 24, 1: 0, 2: 1, 3: 0, 4: 0}",0
291,False,"{'a': 0.45, 'e': 0.014705995664791067}",30,23,14.9230073514482,"{0: 7, 1: 0, 2: 0, 3: 0, 4: 0}",1
292,False,"{'a': 0.45, 'e': 0.014284217821946893}",25,11,25.19750671419168,"{0: 14, 1: 0, 2: 0, 3: 0, 4: 0}",1
293,False,"{'a': 0.45, 'e': 0.01387314946689165}",25,14,24.07095306734067,"{0: 11, 1: 0, 2: 0, 3: 0, 4: 0}",1
294,False,"{'a': 0.45, 'e': 0.013472563430789428}",25,14,24.48386585708978,"{0: 11, 1: 0, 2: 0, 3: 0, 4: 0}",1
295,False,"{'a': 0.45, 'e': 0.013082235994123451}",20,6,21.390653484427137,"{0: 14, 1: 0, 2: 0, 3: 0, 4: 0}",1
296,False,"{'a': 0.45, 'e': 0.012701946875283504}",20,14,12.48538477310941,"{0: 6, 1: 0, 2: 0, 3: 0, 4: 0}",1
297,False,"{'a': 0.45, 'e': 0.012331479217789609}",30,16,27.280473567495452,"{0: 14, 1: 0, 2: 0, 3: 0, 4: 0}",1
298,False,"{'a': 0.45, 'e': 0.011970619576199019}",20,15,10.735909655124207,"{0: 5, 1: 0, 2: 0, 3: 0, 4: 0}",1
299,False,"{'a': 0.45, 'e': 0.011619157900743155}",20,12,13.937369115028343,"{0: 8, 1: 0, 2: 0, 3: 0, 4: 0}",1
300,False,"{'a': 0.45, 'e': 0.011276887520740572}",20,12,15.768248242885035,"{0: 8, 1: 0, 2: 0, 3: 0, 4: 0}",1
301,False,"{'a': 0.45, 'e': 0.010943605126831598}",20,10,17.434192370605892,"{0: 10, 1: 0, 2: 0, 3: 0, 4: 0}",1
302,False,"{'a': 0.45, 'e': 0.010619110752079747}",25,18,12.174373420973104,"{0: 7, 1: 0, 2: 0, 3: 0, 4: 0}",1
303,False,"{'a': 0.45, 'e': 0.01030320775198444}",25,19,11.819534462339377,"{0: 6, 1: 0, 2: 0, 3: 0, 4: 0}",1
304,False,"{'a': 0.45, 'e': 0.009995702783449021}",25,16,12.370205148322409,"{0: 9, 1: 0, 2: 0, 3: 0, 4: 0}",1
305,False,"{'a': 0.45, 'e': 0.009696405782747494}",35,22,23.91435981019933,"{0: 13, 1: 0, 2: 0, 3: 0, 4: 0}",1
306,False,"{'a': 0.45, 'e': 0.009405129942532757}",20,16,9.345041028426964,"{0: 4, 1: 0, 2: 0, 3: 0, 4: 0}",1
307,False,"{'a': 0.45, 'e': 0.009121691687928559}",35,25,15.608163662983904,"{0: 10, 1: 0, 2: 0, 3: 0, 4: 0}",1
308,False,"{'a': 0.45, 'e': 0.00884591065174671}",30,18,17.780349013623255,"{0: 12, 1: 0, 2: 0, 3: 0, 4: 0}",1
309,False,"{'a': 0.45, 'e': 0.008577609648870482}",25,14,22.636341290299733,"{0: 11, 1: 0, 2: 0, 3: 0, 4: 0}",1
310,False,"{'a': 0.45, 'e': 0.008316614649844458}",25,16,20.170515755597474,"{0: 9, 1: 0, 2: 0, 3: 0, 4: 0}",1
311,False,"{'a': 0.45, 'e': 0.00806275475371043}",20,9,21.98066620206678,"{0: 11, 1: 0, 2: 0, 3: 0, 4: 0}",1
312,False,"{'a': 0.45, 'e': 0.007815862160128244}",25,12,26.703385668981838,"{0: 13, 1: 0, 2: 0, 3: 0, 4: 0}",1
313,False,"{'a': 0.45, 'e': 0.007575772140819847}",25,15,19.183926882864643,"{0: 10, 1: 0, 2: 0, 3: 0, 4: 0}",1
314,False,"{'a': 0.45, 'e': 0.0073423230103740215}",30,17,23.09476457494315,"{0: 13, 1: 0, 2: 0, 3: 0, 4: 0}",1
315,False,"{'a': 0.45, 'e': 0.007115356096448674}",20,10,17.490832668760405,"{0: 10, 1: 0, 2: 0, 3: 0, 4: 0}",1
316,False,"{'a': 0.45, 'e': 0.006894715709406749}",20,13,13.530398943207176,"{0: 7, 1: 0, 2: 0, 3: 0, 4: 0}",1
317,False,"{'a': 0.45, 'e': 0.006680249111421169}",20,13,12.210651057045734,"{0: 7, 1: 0, 2: 0, 3: 0, 4: 0}",1
318,False,"{'a': 0.45, 'e': 0.006471806485083467}",25,8,8.647542747510405,"{0: 16, 1: 0, 2: 0, 3: 1, 4: 0}",1
319,False,"{'a': 0.45, 'e': 0.0062692409015500244}",20,10,16.925088543002992,"{0: 10, 1: 0, 2: 0, 3: 0, 4: 0}",1
320,False,"{'a': 0.45, 'e': 0.006072408288259118}",30,0,45.04863367714203,"{0: 30, 1: 0, 2: 0, 3: 0, 4: 0}",0
321,False,"{'a': 0.45, 'e': 0.0058811673962512285}",30,16,28.96725769500542,"{0: 14, 1: 0, 2: 0, 3: 0, 4: 0}",1
322,False,"{'a': 0.45, 'e': 0.005695379767124331}",25,5,29.01634399501716,"{0: 20, 1: 0, 2: 0, 3: 0, 4: 0}",1
323,False,"{'a': 0.45, 'e': 0.005514909699655123}",20,0,6.71905335662554,"{0: 19, 1: 0, 2: 0, 3: 1, 4: 0}",0
324,False,"{'a': 0.45, 'e': 0.005339624216116443}",30,17,25.432710029284877,"{0: 13, 1: 0, 2: 0, 3: 0, 4: 0}",1
325,False,"{'a': 0.45, 'e': 0.005169393028320334}",20,3,26.3005071514796,"{0: 17, 1: 0, 2: 0, 3: 0, 4: 0}",1
326,False,"{'a': 0.45, 'e': 0.005004088503415524}",20,12,13.15581239696174,"{0: 8, 1: 0, 2: 0, 3: 0, 4: 0}",1
327,False,"{'a': 0.45, 'e': 0.004843585629467287}",20,15,9.606390311217652,"{0: 5, 1: 0, 2: 0, 3: 0, 4: 0}",1
328,False,"{'a': 0.45, 'e': 0.004687761980846973}",25,20,8.805821062441677,"{0: 5, 1: 0, 2: 0, 3: 0, 4: 0}",1
329,False,"{'a': 0.45, 'e': 0.004536497683457694}",25,7,33.102229438991394,"{0: 18, 1: 0, 2: 0, 3: 0, 4: 0}",1
330,False,"{'a': 0.45, 'e': 0.004389675379821974}",25,17,17.280404669231654,"{0: 8, 1: 0, 2: 0, 3: 0, 4: 0}",1
331,False,"{'a': 0.45, 'e': 0.00424718019405639}",25,20,7.23713437885365,"{0: 5, 1: 0, 2: 0, 3: 0, 4: 0}",1
332,False,"{'a': 0.45, 'e': 0.004108899696757526}",30,22,13.64786600150451,"{0: 8, 1: 0, 2: 0, 3: 0, 4: 0}",1
333,False,"{'a': 0.45, 'e': 0.003974723869822845}",30,21,16.706284462016875,"{0: 9, 1: 0, 2: 0, 3: 0, 4: 0}",1
334,False,"{'a': 0.45, 'e': 0.00384454507122934}",20,9,20.311319922809183,"{0: 11, 1: 0, 2: 0, 3: 0, 4: 0}",1
335,False,"{'a': 0.45, 'e': 0.003718257999792126}",20,14,11.963363745595561,"{0: 6, 1: 0, 2: 0, 3: 0, 4: 0}",1
336,False,"{'a': 0.45, 'e': 0.0035957596599244276}",20,14,12.786365905052087,"{0: 6, 1: 0, 2: 0, 3: 0, 4: 0}",1
337,False,"{'a': 0.45, 'e': 0.0034769493264197085}",20,10,15.11181843935163,"{0: 10, 1: 0, 2: 0, 3: 0, 4: 0}",1
338,False,"{'a': 0.45, 'e': 0.0033617285092759895}",30,17,24.192507875342496,"{0: 13, 1: 0, 2: 0, 3: 0, 4: 0}",1
339,False,"{'a': 0.45, 'e': 0.0032500009185817266}",20,12,14.996225335812447,"{0: 8, 1: 0, 2: 0, 3: 0, 4: 0}",1
340,False,"{'a': 0.45, 'e': 0.0031416724294819278}",25,14,19.828793011730266,"{0: 11, 1: 0, 2: 0, 3: 0, 4: 0}",1
341,False,"{'a': 0.45, 'e': 0.0030366510472425176}",25,8,30.498337684104214,"{0: 17, 1: 0, 2: 0, 3: 0, 4: 0}",1
342,False,"{'a': 0.45, 'e': 0.002934846872430294}",20,0,32.360586632382756,"{0: 20, 1: 0, 2: 0, 3: 0, 4: 0}",0
343,False,"{'a': 0.45, 'e': 0.0028361720662251613}",25,8,27.884337096835527,"{0: 17, 1: 0, 2: 0, 3: 0, 4: 0}",1
344,False,"{'a': 0.45, 'e': 0.002740540815880686}",20,16,6.991733132520374,"{0: 4, 1: 0, 2: 0, 3: 0, 4: 0}",1
345,False,"{'a': 0.45, 'e': 0.0026478693003483644}",20,14,12.407356085043928,"{0: 6, 1: 0, 2: 0, 3: 0, 4: 0}",1
346,False,"{'a': 0.45, 'e': 0.0025580756560803835}",25,16,17.980381350321426,"{0: 9, 1: 0, 2: 0, 3: 0, 4: 0}",1
347,False,"{'a': 0.45, 'e': 0.0024710799430250163}",30,21,15.240070804916751,"{0: 9, 1: 0, 2: 0, 3: 0, 4: 0}",1
348,False,"{'a': 0.45, 'e': 0.0023868041108281975}",30,14,30.737576810259945,"{0: 16, 1: 0, 2: 0, 3: 0, 4: 0}",1
349,False,"{'a': 0.45, 'e': 0.0023051719652542177}",30,23,11.503344110378936,"{0: 7, 1: 0, 2: 0, 3: 0, 4: 0}",1
350,False,"{'a': 0.45, 'e': 0.0022261091348378804}",20,6,26.65685845242801,"{0: 14, 1: 0, 2: 0, 3: 0, 4: 0}",1
351,False,"{'a': 0.45, 'e': 0.0021495430377799028}",20,7,21.578974703818425,"{0: 13, 1: 0, 2: 0, 3: 0, 4: 0}",1
352,False,"{'a': 0.45, 'e': 0.0020754028490967474}",30,18,19.636701403285837,"{0: 12, 1: 0, 2: 0, 3: 0, 4: 0}",1
353,False,"{'a': 0.45, 'e': 0.002003619468035536}",25,15,21.994620054541464,"{0: 10, 1: 0, 2: 0, 3: 0, 4: 0}",1
354,False,"{'a': 0.45, 'e': 0.0019341254857641373}",20,9,20.163168362345502,"{0: 11, 1: 0, 2: 0, 3: 0, 4: 0}",1
355,False,"{'a': 0.45, 'e': 0.001866855153345982}",20,16,7.754623238619161,"{0: 4, 1: 0, 2: 0, 3: 0, 4: 0}",1
356,False,"{'a': 0.45, 'e': 0.0018017443500086409}",25,13,26.56231346749745,"{0: 12, 1: 0, 2: 0, 3: 0, 4: 0}",1
357,False,"{'a': 0.45, 'e': 0.0017387305517146804}",30,18,25.192783545685565,"{0: 12, 1: 0, 2: 0, 3: 0, 4: 0}",1
358,False,"{'a': 0.45, 'e': 0.0016777528000428078}",25,14,20.159018462515082,"{0: 11, 1: 0, 2: 0, 3: 0, 4: 0}",1
359,False,"{'a': 0.45, 'e': 0.0016187516713868277}",20,13,13.940449894628559,"{0: 7, 1: 0, 2: 0, 3: 0, 4: 0}",1
360,False,"{'a': 0.45, 'e': 0.0015616692464794474}",25,11,27.99227114846309,"{0: 14, 1: 0, 2: 0, 3: 0, 4: 0}",1
361,False,"{'a': 0.45, 'e': 0.0015064490802475018}",20,14,11.677150332112102,"{0: 6, 1: 0, 2: 0, 3: 0, 4: 0}",1
362,False,"{'a': 0.45, 'e': 0.0014530361720047073}",30,3,49.42006795844343,"{0: 27, 1: 0, 2: 0, 3: 0, 4: 0}",1
363,False,"{'a': 0.45, 'e': 0.0014013769359876097}",30,13,31.423853144679022,"{0: 17, 1: 0, 2: 0, 3: 0, 4: 0}",1
364,False,"{'a': 0.45, 'e': 0.001351419172239951}",25,13,26.285031835228185,"{0: 12, 1: 0, 2: 0, 3: 0, 4: 0}",1
365,False,"{'a': 0.45, 'e': 0.001303112037850261}",30,15,27.476900120484185,"{0: 15, 1: 0, 2: 0, 3: 0, 4: 0}",1
366,False,"{'a': 0.45, 'e': 0.0012564060185470622}",20,5,25.905450958568657,"{0: 15, 1: 0, 2: 0, 3: 0, 4: 0}",1
367,False,"{'a': 0.45, 'e': 0.001211252900655673}",25,12,24.241030123903553,"{0: 13, 1: 0, 2: 0, 3: 0, 4: 0}",1
368,False,"{'a': 0.45, 'e': 0.0011676057434202112}",30,0,46.61783987625457,"{0: 30, 1: 0, 2: 0, 3: 0, 4: 0}",0
369,False,"{'a': 0.45, 'e': 0.0011254188516940098}",20,12,20.729319354875912,"{0: 8, 1: 0, 2: 0, 3: 0, 4: 0}",1
370,False,"{'a': 0.45, 'e': 0.001084647749001295}",20,8,19.8000892486419,"{0: 12, 1: 0, 2: 0, 3: 0, 4: 0}",1
371,False,"{'a': 0.45, 'e': 0.0010452491509726181}",30,18,22.79725042587122,"{0: 12, 1: 0, 2: 0, 3: 0, 4: 0}",1
372,False,"{'a': 0.45, 'e': 0.0010071809391561837}",25,19,11.916122038742863,"{0: 6, 1: 0, 2: 0, 3: 0, 4: 0}",1
373,False,"{'a': 0.45, 'e': 0.0009704021352068833}",20,13,16.98951240266073,"{0: 7, 1: 0, 2: 0, 3: 0, 4: 0}",1
1,True,"{'a': 0, 'e': 0}",25,11,26.576248463733783,"{0: 14, 1: 0, 2: 0, 3: 0, 4: 0}",1
2,True,"{'a': 0, 'e': 0}",20,13,15.989602886282652,"{0: 7, 1: 0, 2: 0, 3: 0, 4: 0}",1
3,True,"{'a': 0, 'e': 0}",30,20,19.286702249184614,"{0: 10, 1: 0, 2: 0, 3: 0, 4: 0}",1
4,True,"{'a': 0, 'e': 0}",25,19,12.325546442508236,"{0: 6, 1: 0, 2: 0, 3: 0, 4: 0}",1
5,True,"{'a': 0, 'e': 0}",25,13,20.041839461195156,"{0: 12, 1: 0, 2: 0, 3: 0, 4: 0}",1
6,True,"{'a': 0, 'e': 0}",35,20,26.787960270811112,"{0: 15, 1: 0, 2: 0, 3: 0, 4: 0}",1
7,True,"{'a': 0, 'e': 0}",25,2,35.983752700896765,"{0: 23, 1: 0, 2: 0, 3: 0, 4: 0}",1
8,True,"{'a': 0, 'e': 0}",25,15,17.501340186467992,"{0: 10, 1: 0, 2: 0, 3: 0, 4: 0}",1
9,True,"{'a': 0, 'e': 0}",35,17,36.13382760316507,"{0: 18, 1: 0, 2: 0, 3: 0, 4: 0}",1
10,True,"{'a': 0, 'e': 0}",25,17,13.70744836637007,"{0: 8, 1: 0, 2: 0, 3: 0, 4: 0}",1
11,True,"{'a': 0, 'e': 0}",20,15,8.80451218481187,"{0: 5, 1: 0, 2: 0, 3: 0, 4: 0}",1
12,True,"{'a': 0, 'e': 0}",25,12,22.328286277353644,"{0: 13, 1: 0, 2: 0, 3: 0, 4: 0}",1
13,True,"{'a': 0, 'e': 0}",25,17,16.923562799429185,"{0: 8, 1: 0, 2: 0, 3: 0, 4: 0}",1
14,True,"{'a': 0, 'e': 0}",20,16,7.531945698995218,"{0: 4, 1: 0, 2: 0, 3: 0, 4: 0}",1
15,True,"{'a': 0, 'e': 0}",20,10,19.101829217927435,"{0: 10, 1: 0, 2: 0, 3: 0, 4: 0}",1
16,True,"{'a': 0, 'e': 0}",30,16,28.50463657067062,"{0: 14, 1: 0, 2: 0, 3: 0, 4: 0}",1
17,True,"{'a': 0, 'e': 0}",30,12,31.563214898888873,"{0: 18, 1: 0, 2: 0, 3: 0, 4: 0}",1
18,True,"{'a': 0, 'e': 0}",25,12,26.40690597996313,"{0: 13, 1: 0, 2: 0, 3: 0, 4: 0}",1
19,True,"{'a': 0, 'e': 0}",30,16,27.011679995285405,"{0: 14, 1: 0, 2: 0, 3: 0, 4: 0}",1
20,True,"{'a': 0, 'e': 0}",30,19,19.396210854920444,"{0: 11, 1: 0, 2: 0, 3: 0, 4: 0}",1
21,True,"{'a': 0, 'e': 0}",20,8,23.047270900910927,"{0: 12, 1: 0, 2: 0, 3: 0, 4: 0}",1
22,True,"{'a': 0, 'e': 0}",25,11,23.270180513252544,"{0: 14, 1: 0, 2: 0, 3: 0, 4: 0}",1
23,True,"{'a': 0, 'e': 0}",30,16,25.97044593299434,"{0: 14, 1: 0, 2: 0, 3: 0, 4: 0}",1
24,True,"{'a': 0, 'e': 0}",20,15,10.905683091609088,"{0: 5, 1: 0, 2: 0, 3: 0, 4: 0}",1
25,True,"{'a': 0, 'e': 0}",20,12,16.393900864343998,"{0: 8, 1: 0, 2: 0, 3: 0, 4: 0}",1
26,True,"{'a': 0, 'e': 0}",25,15,19.965876575391615,"{0: 10, 1: 0, 2: 0, 3: 0, 4: 0}",1
27,True,"{'a': 0, 'e': 0}",25,16,16.33052964971649,"{0: 9, 1: 0, 2: 0, 3: 0, 4: 0}",1
28,True,"{'a': 0, 'e': 0}",20,13,14.580845524189247,"{0: 7, 1: 0, 2: 0, 3: 0, 4: 0}",1
29,True,"{'a': 0, 'e': 0}",35,21,24.485853156951578,"{0: 14, 1: 0, 2: 0, 3: 0, 4: 0}",1
30,True,"{'a': 0, 'e': 0}",20,13,11.064575575454159,"{0: 7, 1: 0, 2: 0, 3: 0, 4: 0}",1
31,True,"{'a': 0, 'e': 0}",30,20,16.604972152179176,"{0: 10, 1: 0, 2: 0, 3: 0, 4: 0}",1
32,True,"{'a': 0, 'e': 0}",25,16,17.019138087392072,"{0: 9, 1: 0, 2: 0, 3: 0, 4: 0}",1
33,True,"{'a': 0, 'e': 0}",20,8,22.702138137403892,"{0: 12, 1: 0, 2: 0, 3: 0, 4: 0}",1
34,True,"{'a': 0, 'e': 0}",25,15,20.397447069249143,"{0: 10, 1: 0, 2: 0, 3: 0, 4: 0}",1
35,True,"{'a': 0, 'e': 0}",30,15,28.26207980241318,"{0: 15, 1: 0, 2: 0, 3: 0, 4: 0}",1
36,True,"{'a': 0, 'e': 0}",30,17,24.905102696290953,"{0: 13, 1: 0, 2: 0, 3: 0, 4: 0}",1
37,True,"{'a': 0, 'e': 0}",25,11,26.04376086665953,"{0: 14, 1: 0, 2: 0, 3: 0, 4: 0}",1
38,True,"{'a': 0, 'e': 0}",30,14,26.71550746107746,"{0: 16, 1: 0, 2: 0, 3: 0, 4: 0}",1
39,True,"{'a': 0, 'e': 0}",30,4,44.23302267427586,"{0: 26, 1: 0, 2: 0, 3: 0, 4: 0}",1
40,True,"{'a': 0, 'e': 0}",25,15,21.224718525786027,"{0: 10, 1: 0, 2: 0, 3: 0, 4: 0}",1
41,True,"{'a': 0, 'e': 0}",20,14,12.06380012023467,"{0: 6, 1: 0, 2: 0, 3: 0, 4: 0}",1
42,True,"{'a': 0, 'e': 0}",20,0,28.864197621768763,"{0: 20, 1: 0, 2: 0, 3: 0, 4: 0}",0
43,True,"{'a': 0, 'e': 0}",20,5,26.130099214874846,"{0: 15, 1: 0, 2: 0, 3: 0, 4: 0}",1
44,True,"{'a': 0, 'e': 0}",25,11,27.286211879738396,"{0: 14, 1: 0, 2: 0, 3: 0, 4: 0}",1
45,True,"{'a': 0, 'e': 0}",35,26,16.8271763080222,"{0: 9, 1: 0, 2: 0, 3: 0, 4: 0}",1
46,True,"{'a': 0, 'e': 0}",25,8,30.774721857474777,"{0: 17, 1: 0, 2: 0, 3: 0, 4: 0}",1
47,True,"{'a': 0, 'e': 0}",25,20,11.22706987560354,"{0: 5, 1: 0, 2: 0, 3: 0, 4: 0}",1
48,True,"{'a': 0, 'e': 0}",35,25,21.29519824649169,"{0: 10, 1: 0, 2: 0, 3: 0, 4: 0}",1
49,True,"{'a': 0, 'e': 0}",30,21,16.653378978340733,"{0: 9, 1: 0, 2: 0, 3: 0, 4: 0}",1
50,True,"{'a': 0, 'e': 0}",20,16,8.738201763312983,"{0: 4, 1: 0, 2: 0, 3: 0, 4: 0}",1
